epoch,train_loss,val_loss,val_mae,lr
0,2.2081590720585416,0.0,0.0,0.0001
1,2.148695775440761,0.0,0.0,0.0001
