{
    "baseline_p224_perpatch": {
        "duration_sec": 2.927245616912842,
        "total_variation": 2.058539393184441,
        "outlier_ratio": 0.15926654168000365,
        "patch_count": 5822
    },
    "stabilized_p224_super2048": {
        "duration_sec": 1.1772041320800781,
        "total_variation": 0.06223444855503307,
        "outlier_ratio": 0.00091453655859893,
        "patch_count": 5822
    }
}